dataset,breed,image_count,formats,zero_byte_or_suspicious_count
A-Comprehensive-Visual-Dataset-of-17-Indian-Government-Recognized-Buffalo-Breeds,banni,127,.jpeg|.jpg|.png,0
A-Comprehensive-Visual-Dataset-of-17-Indian-Government-Recognized-Buffalo-Breeds,bargur,122,.jpg,0
A-Comprehensive-Visual-Dataset-of-17-Indian-Government-Recognized-Buffalo-Breeds,bhadawari,148,.jpg,0
A-Comprehensive-Visual-Dataset-of-17-Indian-Government-Recognized-Buffalo-Breeds,chhattisgarhi,131,.jpeg|.jpg,0
A-Comprehensive-Visual-Dataset-of-17-Indian-Government-Recognized-Buffalo-Breeds,chilika,144,.jpeg|.jpg,0
A-Comprehensive-Visual-Dataset-of-17-Indian-Government-Recognized-Buffalo-Breeds,gojri,177,.jpeg|.jpg,0
A-Comprehensive-Visual-Dataset-of-17-Indian-Government-Recognized-Buffalo-Breeds,jaffarabadi,357,.jpeg|.jpg,0
A-Comprehensive-Visual-Dataset-of-17-Indian-Government-Recognized-Buffalo-Breeds,kalahandi,67,.jpeg|.jpg,0
A-Comprehensive-Visual-Dataset-of-17-Indian-Government-Recognized-Buffalo-Breeds,luit,129,.jpg,0
A-Comprehensive-Visual-Dataset-of-17-Indian-Government-Recognized-Buffalo-Breeds,marathwadi,172,.jpeg|.jpg,0
A-Comprehensive-Visual-Dataset-of-17-Indian-Government-Recognized-Buffalo-Breeds,mehsana,68,.jpg,0
A-Comprehensive-Visual-Dataset-of-17-Indian-Government-Recognized-Buffalo-Breeds,murrah,326,.jpeg|.jpg,0
A-Comprehensive-Visual-Dataset-of-17-Indian-Government-Recognized-Buffalo-Breeds,nagpuri,156,.jpg,0
A-Comprehensive-Visual-Dataset-of-17-Indian-Government-Recognized-Buffalo-Breeds,nili-ravi,189,.jpg|.png,0
A-Comprehensive-Visual-Dataset-of-17-Indian-Government-Recognized-Buffalo-Breeds,pandharpuri,141,.jpeg|.jpg,0
A-Comprehensive-Visual-Dataset-of-17-Indian-Government-Recognized-Buffalo-Breeds,surti,170,.jpg,0
A-Comprehensive-Visual-Dataset-of-17-Indian-Government-Recognized-Buffalo-Breeds,toda,161,.jpeg|.jpg,0
A-Comprehensive-Visual-Dataset-of-50-Government-Recognized-Indian-Cattle-Breeds,amritmahal,138,.jpeg|.jpg|.png,0
A-Comprehensive-Visual-Dataset-of-50-Government-Recognized-Indian-Cattle-Breeds,ayrshire,233,.jpg,0
A-Comprehensive-Visual-Dataset-of-50-Government-Recognized-Indian-Cattle-Breeds,bachaur,127,.jpeg|.jpg,0
A-Comprehensive-Visual-Dataset-of-50-Government-Recognized-Indian-Cattle-Breeds,badri,103,.jpg,0
A-Comprehensive-Visual-Dataset-of-50-Government-Recognized-Indian-Cattle-Breeds,bargur,133,.jpeg|.jpg|.png,0
A-Comprehensive-Visual-Dataset-of-50-Government-Recognized-Indian-Cattle-Breeds,bhelai,132,.jpg|.png,0
A-Comprehensive-Visual-Dataset-of-50-Government-Recognized-Indian-Cattle-Breeds,dagri,126,.jpg,0
A-Comprehensive-Visual-Dataset-of-50-Government-Recognized-Indian-Cattle-Breeds,dangi,176,.jpeg|.jpg|.png,0
A-Comprehensive-Visual-Dataset-of-50-Government-Recognized-Indian-Cattle-Breeds,deoni,104,.jpeg|.jpg|.png,0
A-Comprehensive-Visual-Dataset-of-50-Government-Recognized-Indian-Cattle-Breeds,gangatiri,149,.jpeg|.jpg|.png,0
A-Comprehensive-Visual-Dataset-of-50-Government-Recognized-Indian-Cattle-Breeds,gaolao,134,.jpg|.png,0
A-Comprehensive-Visual-Dataset-of-50-Government-Recognized-Indian-Cattle-Breeds,ghumusari,172,.jpg|.png,0
A-Comprehensive-Visual-Dataset-of-50-Government-Recognized-Indian-Cattle-Breeds,gir,353,.jpeg|.jpg|.png,0
A-Comprehensive-Visual-Dataset-of-50-Government-Recognized-Indian-Cattle-Breeds,hallikar,180,.jpeg|.jpg|.png,0
A-Comprehensive-Visual-Dataset-of-50-Government-Recognized-Indian-Cattle-Breeds,hariana,126,.jpeg|.jpg|.png,0
A-Comprehensive-Visual-Dataset-of-50-Government-Recognized-Indian-Cattle-Breeds,himachali-pahari,176,.jpg,0
A-Comprehensive-Visual-Dataset-of-50-Government-Recognized-Indian-Cattle-Breeds,kangayam,176,.jpg|.png,0
A-Comprehensive-Visual-Dataset-of-50-Government-Recognized-Indian-Cattle-Breeds,kankrej,177,.jpeg|.jpg|.png,0
A-Comprehensive-Visual-Dataset-of-50-Government-Recognized-Indian-Cattle-Breeds,kenkatha,180,.jpeg|.jpg,0
A-Comprehensive-Visual-Dataset-of-50-Government-Recognized-Indian-Cattle-Breeds,khariar,134,.jpeg|.jpg|.png,0
A-Comprehensive-Visual-Dataset-of-50-Government-Recognized-Indian-Cattle-Breeds,kherigarh,126,.jpeg|.jpg,0
A-Comprehensive-Visual-Dataset-of-50-Government-Recognized-Indian-Cattle-Breeds,khillari,113,.jpeg|.jpg|.png,0
A-Comprehensive-Visual-Dataset-of-50-Government-Recognized-Indian-Cattle-Breeds,konkan-kapila,128,.jpg,0
A-Comprehensive-Visual-Dataset-of-50-Government-Recognized-Indian-Cattle-Breeds,kosali,130,.jpeg|.jpg,0
A-Comprehensive-Visual-Dataset-of-50-Government-Recognized-Indian-Cattle-Breeds,krishna-valley,136,.jpg,0
A-Comprehensive-Visual-Dataset-of-50-Government-Recognized-Indian-Cattle-Breeds,ladakhi,130,.jpg,0
A-Comprehensive-Visual-Dataset-of-50-Government-Recognized-Indian-Cattle-Breeds,lakhimi,137,.jpg,0
A-Comprehensive-Visual-Dataset-of-50-Government-Recognized-Indian-Cattle-Breeds,malnad-gidda,104,.jpeg|.jpg|.png,0
A-Comprehensive-Visual-Dataset-of-50-Government-Recognized-Indian-Cattle-Breeds,malvi,181,.jpg,0
A-Comprehensive-Visual-Dataset-of-50-Government-Recognized-Indian-Cattle-Breeds,mewati,230,.jpeg|.jpg,0
A-Comprehensive-Visual-Dataset-of-50-Government-Recognized-Indian-Cattle-Breeds,motu,183,.jpeg|.jpg,0
A-Comprehensive-Visual-Dataset-of-50-Government-Recognized-Indian-Cattle-Breeds,nagori,183,.jpeg|.jpg,0
A-Comprehensive-Visual-Dataset-of-50-Government-Recognized-Indian-Cattle-Breeds,nari,182,.jpg,0
A-Comprehensive-Visual-Dataset-of-50-Government-Recognized-Indian-Cattle-Breeds,nimari,83,.jpeg|.jpg|.png,0
A-Comprehensive-Visual-Dataset-of-50-Government-Recognized-Indian-Cattle-Breeds,ongole,191,.jpg|.png,0
A-Comprehensive-Visual-Dataset-of-50-Government-Recognized-Indian-Cattle-Breeds,poda-thirupu,182,.jpg,0
A-Comprehensive-Visual-Dataset-of-50-Government-Recognized-Indian-Cattle-Breeds,ponwar,225,.jpg,0
A-Comprehensive-Visual-Dataset-of-50-Government-Recognized-Indian-Cattle-Breeds,pulikulam,119,.jpg|.png,0
A-Comprehensive-Visual-Dataset-of-50-Government-Recognized-Indian-Cattle-Breeds,punganur,158,.jpeg|.jpg,0
A-Comprehensive-Visual-Dataset-of-50-Government-Recognized-Indian-Cattle-Breeds,purnea,274,.jpg,0
A-Comprehensive-Visual-Dataset-of-50-Government-Recognized-Indian-Cattle-Breeds,rathi,143,.jpeg|.jpg|.png,0
A-Comprehensive-Visual-Dataset-of-50-Government-Recognized-Indian-Cattle-Breeds,red-kandhari,184,.jpeg|.jpg,0
A-Comprehensive-Visual-Dataset-of-50-Government-Recognized-Indian-Cattle-Breeds,red-sindhi,155,.jpeg|.jpg|.png,0
A-Comprehensive-Visual-Dataset-of-50-Government-Recognized-Indian-Cattle-Breeds,sahiwal,421,.jpeg|.jpg|.png,0
A-Comprehensive-Visual-Dataset-of-50-Government-Recognized-Indian-Cattle-Breeds,shweta-kapila,231,.jpg,0
A-Comprehensive-Visual-Dataset-of-50-Government-Recognized-Indian-Cattle-Breeds,siri,184,.jpg,0
A-Comprehensive-Visual-Dataset-of-50-Government-Recognized-Indian-Cattle-Breeds,tharparkar,212,.jpeg|.jpg|.png,0
A-Comprehensive-Visual-Dataset-of-50-Government-Recognized-Indian-Cattle-Breeds,thutho,184,.jpeg|.jpg,0
A-Comprehensive-Visual-Dataset-of-50-Government-Recognized-Indian-Cattle-Breeds,umblachery,255,.jpeg|.jpg|.png,0
A-Comprehensive-Visual-Dataset-of-50-Government-Recognized-Indian-Cattle-Breeds,vechur,138,.jpeg|.jpg|.png,0
BovCap-5K-Annotated-Bovine-Image-Caption-Dataset,alambadi,99,.jpg|.png,0
BovCap-5K-Annotated-Bovine-Image-Caption-Dataset,amritmahal,94,.jpeg|.jpg|.png,0
BovCap-5K-Annotated-Bovine-Image-Caption-Dataset,ayrshire,234,.jpg,0
BovCap-5K-Annotated-Bovine-Image-Caption-Dataset,banni,108,.jpeg|.jpg|.png,0
BovCap-5K-Annotated-Bovine-Image-Caption-Dataset,bargur,93,.jpeg|.jpg|.png,0
BovCap-5K-Annotated-Bovine-Image-Caption-Dataset,bhadawari,86,.jpg,0
BovCap-5K-Annotated-Bovine-Image-Caption-Dataset,brown-swiss,225,.jpg,0
BovCap-5K-Annotated-Bovine-Image-Caption-Dataset,dangi,82,.jpeg|.jpg|.png,0
BovCap-5K-Annotated-Bovine-Image-Caption-Dataset,deoni,99,.jpeg|.jpg|.png,0
BovCap-5K-Annotated-Bovine-Image-Caption-Dataset,gir,372,.jpeg|.jpg|.png,0
BovCap-5K-Annotated-Bovine-Image-Caption-Dataset,guernsey,119,.jpg,0
BovCap-5K-Annotated-Bovine-Image-Caption-Dataset,hallikar,186,.jpeg|.jpg|.png,0
BovCap-5K-Annotated-Bovine-Image-Caption-Dataset,hariana,129,.jpeg|.jpg|.png,0
BovCap-5K-Annotated-Bovine-Image-Caption-Dataset,holstein-friesian,328,.jpg|.png,0
BovCap-5K-Annotated-Bovine-Image-Caption-Dataset,jaffarabadi,101,.jpeg|.jpg|.png,0
BovCap-5K-Annotated-Bovine-Image-Caption-Dataset,jersey,203,.jpg,0
BovCap-5K-Annotated-Bovine-Image-Caption-Dataset,kangayam,91,.jpg|.png,0
BovCap-5K-Annotated-Bovine-Image-Caption-Dataset,kankrej,178,.jpeg|.jpg|.png,0
BovCap-5K-Annotated-Bovine-Image-Caption-Dataset,kasargod,95,.jpeg|.jpg|.png,0
BovCap-5K-Annotated-Bovine-Image-Caption-Dataset,kenkatha,55,.jpeg|.jpg|.png,0
BovCap-5K-Annotated-Bovine-Image-Caption-Dataset,kherigarh,36,.jpeg|.jpg|.png,0
BovCap-5K-Annotated-Bovine-Image-Caption-Dataset,khillari,113,.jpeg|.jpg|.png,0
BovCap-5K-Annotated-Bovine-Image-Caption-Dataset,krishna-valley,136,.jpg,0
BovCap-5K-Annotated-Bovine-Image-Caption-Dataset,malnad-gidda,107,.jpeg|.jpg|.png,0
BovCap-5K-Annotated-Bovine-Image-Caption-Dataset,mehsana,94,.jpeg|.jpg|.png,0
BovCap-5K-Annotated-Bovine-Image-Caption-Dataset,murrah,173,.jpeg|.jpg|.png,0
BovCap-5K-Annotated-Bovine-Image-Caption-Dataset,nagori,88,.jpeg|.jpg|.png,0
BovCap-5K-Annotated-Bovine-Image-Caption-Dataset,nagpuri,182,.jpeg|.jpg|.png,0
BovCap-5K-Annotated-Bovine-Image-Caption-Dataset,nili-ravi,88,.jpeg|.jpg|.png,0
BovCap-5K-Annotated-Bovine-Image-Caption-Dataset,nimari,84,.jpeg|.jpg|.png,0
BovCap-5K-Annotated-Bovine-Image-Caption-Dataset,ongole,191,.jpg|.png,0
BovCap-5K-Annotated-Bovine-Image-Caption-Dataset,pulikulam,124,.jpg|.png,0
BovCap-5K-Annotated-Bovine-Image-Caption-Dataset,rathi,149,.jpeg|.jpg|.png,0
BovCap-5K-Annotated-Bovine-Image-Caption-Dataset,red-dane,167,.jpg,0
BovCap-5K-Annotated-Bovine-Image-Caption-Dataset,red-sindhi,162,.jpeg|.jpg|.png,0
BovCap-5K-Annotated-Bovine-Image-Caption-Dataset,sahiwal,439,.jpeg|.jpg|.png,0
BovCap-5K-Annotated-Bovine-Image-Caption-Dataset,surti,59,.jpeg|.jpg|.png,0
BovCap-5K-Annotated-Bovine-Image-Caption-Dataset,tharparkar,217,.jpeg|.jpg|.png,0
BovCap-5K-Annotated-Bovine-Image-Caption-Dataset,toda,124,.jpg,0
BovCap-5K-Annotated-Bovine-Image-Caption-Dataset,umblachery,76,.jpeg|.jpg|.png,0
BovCap-5K-Annotated-Bovine-Image-Caption-Dataset,vechur,140,.jpeg|.jpg|.png,0
Breed-cattle-buffalo,alambadi,207,.jpg|.png,0
Breed-cattle-buffalo,amritmahal,204,.jpeg|.jpg|.png,0
Breed-cattle-buffalo,ayrshire,726,.jpg,0
Breed-cattle-buffalo,bachaur,10,.jpg,0
Breed-cattle-buffalo,badri,10,.jpg,0
Breed-cattle-buffalo,banni,118,.jpeg|.jpg|.png,0
Breed-cattle-buffalo,bargur,169,.jpeg|.jpg|.png,0
Breed-cattle-buffalo,bhadawari,196,.jpg,0
Breed-cattle-buffalo,bhelai,14,.jpg,0
Breed-cattle-buffalo,binjharpuri,10,.jpg,0
Breed-cattle-buffalo,brown-swiss,469,.jpg,0
Breed-cattle-buffalo,chhattisgarhi,10,.jpg,0
Breed-cattle-buffalo,chilika,10,.jpg,0
Breed-cattle-buffalo,dagri,10,.jpg,0
Breed-cattle-buffalo,dangi,100,.jpeg|.jpg|.png,0
Breed-cattle-buffalo,deoni,222,.jpeg|.jpg|.png,0
Breed-cattle-buffalo,gangatiri,14,.jpg,0
Breed-cattle-buffalo,gaolao,14,.jpg,0
Breed-cattle-buffalo,ghumusari,10,.jpg,0
Breed-cattle-buffalo,gir,768,.jpeg|.jpg|.png,0
Breed-cattle-buffalo,gojri,14,.jpg,0
Breed-cattle-buffalo,guernsey,244,.jpg,0
Breed-cattle-buffalo,hallikar,302,.jpeg|.jpg|.png,0
Breed-cattle-buffalo,hariana,140,.jpeg|.jpg|.png,0
Breed-cattle-buffalo,himachali-pahari,8,.jpg,0
Breed-cattle-buffalo,holstein-friesian,566,.jpg|.png,0
Breed-cattle-buffalo,jaffarabadi,111,.jpeg|.jpg|.png,0
Breed-cattle-buffalo,jersey,203,.jpg,0
Breed-cattle-buffalo,kalahandi,10,.jpg,0
Breed-cattle-buffalo,kangayam,101,.jpg|.png,0
Breed-cattle-buffalo,kankrej,192,.jpeg|.jpg|.png,0
Breed-cattle-buffalo,kenkatha,69,.jpeg|.jpg|.png,0
Breed-cattle-buffalo,khariar,10,.jpg,0
Breed-cattle-buffalo,kherigarh,46,.jpeg|.jpg|.png,0
Breed-cattle-buffalo,khillari,127,.jpeg|.jpg|.png,0
Breed-cattle-buffalo,konkan-kapila,11,.jpg,0
Breed-cattle-buffalo,kosali,10,.jpg,0
Breed-cattle-buffalo,krishna-valley,150,.jpg,0
Breed-cattle-buffalo,ladakhi,10,.jpg,0
Breed-cattle-buffalo,lakhimi,10,.jpg,0
Breed-cattle-buffalo,limousin,5,.jpg,0
Breed-cattle-buffalo,luit,10,.jpg,0
Breed-cattle-buffalo,malnad-gidda,117,.jpeg|.jpg|.png,0
Breed-cattle-buffalo,malvi,10,.jpg,0
Breed-cattle-buffalo,marathwadi,10,.jpg,0
Breed-cattle-buffalo,mehsana,104,.jpeg|.jpg|.png,0
Breed-cattle-buffalo,mewati,18,.jpg,0
Breed-cattle-buffalo,motu,10,.jpg,0
Breed-cattle-buffalo,murrah,183,.jpeg|.jpg|.png,0
Breed-cattle-buffalo,nagori,99,.jpeg|.jpg|.png|.webp,0
Breed-cattle-buffalo,nagpuri,192,.jpeg|.jpg|.png,0
Breed-cattle-buffalo,nari,14,.jpg,0
Breed-cattle-buffalo,nili-ravi,98,.jpeg|.jpg|.png,0
Breed-cattle-buffalo,nimari,94,.jpeg|.jpg|.png,0
Breed-cattle-buffalo,ongole,201,.jpg|.png,0
Breed-cattle-buffalo,pandharpuri,10,.jpg,0
Breed-cattle-buffalo,poda-thirupu,10,.jpg,0
Breed-cattle-buffalo,ponwar,10,.jpg,0
Breed-cattle-buffalo,pulikulam,134,.jpg|.png,0
Breed-cattle-buffalo,punganur,10,.jpg,0
Breed-cattle-buffalo,purnea,10,.jpg,0
Breed-cattle-buffalo,rathi,159,.jpeg|.jpg|.png,0
Breed-cattle-buffalo,red-dane,167,.jpg,0
Breed-cattle-buffalo,red-kandhari,10,.jpg,0
Breed-cattle-buffalo,red-sindhi,168,.jpeg|.jpg|.png,0
Breed-cattle-buffalo,sahiwal,455,.jpeg|.jpg|.png,0
Breed-cattle-buffalo,shweta-kapila,8,.jpg,0
Breed-cattle-buffalo,siri,12,.jpg,0
Breed-cattle-buffalo,surti,69,.jpeg|.jpg|.png,0
Breed-cattle-buffalo,tharparkar,230,.jpeg|.jpg|.png,0
Breed-cattle-buffalo,thutho,10,.jpg,0
Breed-cattle-buffalo,toda,134,.jpg,0
Breed-cattle-buffalo,umblachery,86,.jpeg|.jpg|.png,0
Breed-cattle-buffalo,vechur,150,.jpeg|.jpg|.png,0
Catbuf-dataset-Dataset-of-cows-and-Buffalo,gir,200,.jpg,0
Catbuf-dataset-Dataset-of-cows-and-Buffalo,jersey,200,.jpg,0
Catbuf-dataset-Dataset-of-cows-and-Buffalo,kankrej,194,.jpg,0
Catbuf-dataset-Dataset-of-cows-and-Buffalo,mehsana,200,.jpg,0
Catbuf-dataset-Dataset-of-cows-and-Buffalo,murrah,200,.jpg,0
Catbuf-dataset-Dataset-of-cows-and-Buffalo,sahiwal,199,.jpg,0
Catbuf-dataset-Dataset-of-cows-and-Buffalo,surti,200,.jpg,0
Catbuf-dataset-Dataset-of-cows-and-Buffalo,tharparkar,193,.jpg,0
CATTLE-BREED-RECOGNITION,alambadi,69,.jpg|.png,0
CATTLE-BREED-RECOGNITION,amritmahal,65,.jpeg|.jpg|.png,0
CATTLE-BREED-RECOGNITION,ayrshire,163,.jpg,0
CATTLE-BREED-RECOGNITION,banni,75,.jpeg|.jpg|.png,0
CATTLE-BREED-RECOGNITION,bargur,65,.jpeg|.jpg|.png,0
CATTLE-BREED-RECOGNITION,bhadawari,60,.jpg,0
CATTLE-BREED-RECOGNITION,brown-swiss,157,.jpg,0
CATTLE-BREED-RECOGNITION,dangi,57,.jpeg|.jpg|.png,0
CATTLE-BREED-RECOGNITION,deoni,69,.jpeg|.jpg|.png,0
CATTLE-BREED-RECOGNITION,gir,260,.jpeg|.jpg|.png,0
CATTLE-BREED-RECOGNITION,guernsey,83,.jpg,0
CATTLE-BREED-RECOGNITION,hallikar,130,.jpeg|.jpg|.png,0
CATTLE-BREED-RECOGNITION,hariana,90,.jpeg|.jpg|.png,0
CATTLE-BREED-RECOGNITION,holstein-friesian,229,.jpg|.png,0
CATTLE-BREED-RECOGNITION,jaffarabadi,70,.jpeg|.jpg|.png,0
CATTLE-BREED-RECOGNITION,jersey,142,.jpg,0
CATTLE-BREED-RECOGNITION,kangayam,63,.jpg|.png,0
CATTLE-BREED-RECOGNITION,kankrej,124,.jpeg|.jpg|.png,0
CATTLE-BREED-RECOGNITION,kasargod,66,.jpeg|.jpg|.png,0
CATTLE-BREED-RECOGNITION,kenkatha,38,.jpeg|.jpg|.png,0
CATTLE-BREED-RECOGNITION,kherigarh,25,.jpeg|.jpg|.png,0
CATTLE-BREED-RECOGNITION,khillari,79,.jpeg|.jpg|.png,0
CATTLE-BREED-RECOGNITION,krishna-valley,95,.jpg,0
CATTLE-BREED-RECOGNITION,malnad-gidda,74,.jpeg|.jpg|.png,0
CATTLE-BREED-RECOGNITION,mehsana,65,.jpeg|.jpg|.png,0
CATTLE-BREED-RECOGNITION,murrah,121,.jpeg|.jpg|.png,0
CATTLE-BREED-RECOGNITION,nagori,61,.jpg|.png,0
CATTLE-BREED-RECOGNITION,nagpuri,127,.jpeg|.jpg|.png,0
CATTLE-BREED-RECOGNITION,nili-ravi,61,.jpeg|.jpg|.png,0
CATTLE-BREED-RECOGNITION,nimari,58,.jpeg|.jpg|.png,0
CATTLE-BREED-RECOGNITION,ongole,133,.jpg|.png,0
CATTLE-BREED-RECOGNITION,pulikulam,86,.jpg|.png,0
CATTLE-BREED-RECOGNITION,rathi,104,.jpeg|.jpg|.png,0
CATTLE-BREED-RECOGNITION,red-dane,116,.jpg,0
CATTLE-BREED-RECOGNITION,red-sindhi,113,.jpg|.png,0
CATTLE-BREED-RECOGNITION,sahiwal,307,.jpeg|.jpg|.png,0
CATTLE-BREED-RECOGNITION,surti,41,.jpeg|.jpg|.png,0
CATTLE-BREED-RECOGNITION,tharparkar,151,.jpeg|.jpg|.png,0
CATTLE-BREED-RECOGNITION,toda,86,.jpg,0
CATTLE-BREED-RECOGNITION,umblachery,53,.jpeg|.jpg|.png,0
CATTLE-BREED-RECOGNITION,vechur,98,.jpeg|.jpg|.png,0
Cattle-Breeds-Dataset,ayrshire,260,.jpg,0
Cattle-Breeds-Dataset,brown-swiss,238,.jpg,0
Cattle-Breeds-Dataset,holstein-friesian,254,.jpg,0
Cattle-Breeds-Dataset,jersey,252,.jpg,0
Cattle-Breeds-Dataset,red-dane,204,.jpg,0
Cattle-Buffalo-breeds-Computer-Vision-Model,gir,163,.jpg,0
Cattle-Buffalo-breeds-Computer-Vision-Model,holstein-friesian,328,.jpg,0
Cattle-Buffalo-breeds-Computer-Vision-Model,jaffarabadi,99,.jpg,0
Cattle-Buffalo-breeds-Computer-Vision-Model,jersey,198,.jpg,0
Cattle-Buffalo-breeds-Computer-Vision-Model,murrah,167,.jpg,0
Cattle-Buffalo-breeds-Computer-Vision-Model,sahiwal,437,.jpg,0
Cow-Breed-Classification-Dataset,brahman,191,.jpg|.png,0
Cow-Breed-Classification-Dataset,brahman-cross,98,.jpg|.png,0
Cow-Breed-Classification-Dataset,cholistani,220,.jpeg|.jpg|.png,0
Cow-Breed-Classification-Dataset,cholistani-cross,500,.jpg|.png|.webp,0
Cow-Breed-Classification-Dataset,dhani,96,.jpeg|.jpg|.png,0
Cow-Breed-Classification-Dataset,fresian,69,.jpeg|.jpg|.png,0
Cow-Breed-Classification-Dataset,fresian-cross,176,.jpg|.png,0
Cow-Breed-Classification-Dataset,kankrej,79,.jpg|.png,0
Cow-Breed-Classification-Dataset,sahiwal,178,.jpeg|.jpg|.png|.webp,0
Cow-Breed-Classification-Dataset,sahiwal-cross,226,.jpg|.png,0
Cow-Breed-Classification-Dataset,sibbi,138,.jpg|.png|.webp,0
Indian-Bovine-breeds,alambadi,99,.jpg|.png,0
Indian-Bovine-breeds,amritmahal,94,.jpeg|.jpg|.png,0
Indian-Bovine-breeds,ayrshire,234,.jpg,0
Indian-Bovine-breeds,banni,108,.jpeg|.jpg|.png,0
Indian-Bovine-breeds,bargur,93,.jpeg|.jpg|.png,0
Indian-Bovine-breeds,bhadawari,86,.jpg,0
Indian-Bovine-breeds,brown-swiss,225,.jpg,0
Indian-Bovine-breeds,dangi,82,.jpeg|.jpg|.png,0
Indian-Bovine-breeds,deoni,99,.jpeg|.jpg|.png,0
Indian-Bovine-breeds,gir,372,.jpeg|.jpg|.png,0
Indian-Bovine-breeds,guernsey,119,.jpg,0
Indian-Bovine-breeds,hallikar,186,.jpeg|.jpg|.png,0
Indian-Bovine-breeds,hariana,129,.jpeg|.jpg|.png,0
Indian-Bovine-breeds,holstein-friesian,328,.jpg|.png,0
Indian-Bovine-breeds,jaffarabadi,101,.jpeg|.jpg|.png,0
Indian-Bovine-breeds,jersey,203,.jpg,0
Indian-Bovine-breeds,kangayam,91,.jpg|.png,0
Indian-Bovine-breeds,kankrej,178,.jpeg|.jpg|.png,0
Indian-Bovine-breeds,kasargod,95,.jpeg|.jpg|.png,0
Indian-Bovine-breeds,kenkatha,55,.jpeg|.jpg|.png,0
Indian-Bovine-breeds,kherigarh,36,.jpeg|.jpg|.png,0
Indian-Bovine-breeds,khillari,113,.jpeg|.jpg|.png,0
Indian-Bovine-breeds,krishna-valley,136,.jpg,0
Indian-Bovine-breeds,malnad-gidda,107,.jpeg|.jpg|.png,0
Indian-Bovine-breeds,mehsana,94,.jpeg|.jpg|.png,0
Indian-Bovine-breeds,murrah,173,.jpeg|.jpg|.png,0
Indian-Bovine-breeds,nagori,89,.jpeg|.jpg|.png|.webp,0
Indian-Bovine-breeds,nagpuri,182,.jpeg|.jpg|.png,0
Indian-Bovine-breeds,nili-ravi,88,.jpeg|.jpg|.png,0
Indian-Bovine-breeds,nimari,84,.jpeg|.jpg|.png,0
Indian-Bovine-breeds,ongole,191,.jpg|.png,0
Indian-Bovine-breeds,pulikulam,124,.jpg|.png,0
Indian-Bovine-breeds,rathi,149,.jpeg|.jpg|.png,0
Indian-Bovine-breeds,red-dane,167,.jpg,0
Indian-Bovine-breeds,red-sindhi,162,.jpeg|.jpg|.png,0
Indian-Bovine-breeds,sahiwal,439,.jpeg|.jpg|.png,0
Indian-Bovine-breeds,surti,59,.jpeg|.jpg|.png,0
Indian-Bovine-breeds,tharparkar,217,.jpeg|.jpg|.png,0
Indian-Bovine-breeds,toda,124,.jpg,0
Indian-Bovine-breeds,umblachery,76,.jpeg|.jpg|.png,0
Indian-Bovine-breeds,vechur,140,.jpeg|.jpg|.png,0
Indian-Cattle-&-Buffalo-Breeds-Dataset,alambadi,99,.jpg,0
Indian-Cattle-&-Buffalo-Breeds-Dataset,amritmahal,94,.jpg,0
Indian-Cattle-&-Buffalo-Breeds-Dataset,ayrshire,234,.jpg,0
Indian-Cattle-&-Buffalo-Breeds-Dataset,banni,109,.jpg,0
Indian-Cattle-&-Buffalo-Breeds-Dataset,bargur,94,.jpg,0
Indian-Cattle-&-Buffalo-Breeds-Dataset,bhadawari,86,.jpg,0
Indian-Cattle-&-Buffalo-Breeds-Dataset,brown-swiss,225,.jpg,0
Indian-Cattle-&-Buffalo-Breeds-Dataset,dangi,82,.jpg,0
Indian-Cattle-&-Buffalo-Breeds-Dataset,deoni,99,.jpg,0
Indian-Cattle-&-Buffalo-Breeds-Dataset,gir,372,.jpg,0
Indian-Cattle-&-Buffalo-Breeds-Dataset,guernsey,119,.jpg,0
Indian-Cattle-&-Buffalo-Breeds-Dataset,hallikar,186,.jpg,0
Indian-Cattle-&-Buffalo-Breeds-Dataset,hariana,129,.jpg,0
Indian-Cattle-&-Buffalo-Breeds-Dataset,holstein-friesian,328,.jpg,0
Indian-Cattle-&-Buffalo-Breeds-Dataset,jaffarabadi,102,.jpg,0
Indian-Cattle-&-Buffalo-Breeds-Dataset,jersey,203,.jpg,0
Indian-Cattle-&-Buffalo-Breeds-Dataset,kangayam,91,.jpg,0
Indian-Cattle-&-Buffalo-Breeds-Dataset,kankrej,179,.jpg,0
Indian-Cattle-&-Buffalo-Breeds-Dataset,kasargod,95,.jpg,0
Indian-Cattle-&-Buffalo-Breeds-Dataset,kenkatha,55,.jpg,0
Indian-Cattle-&-Buffalo-Breeds-Dataset,kherigarh,36,.jpg,0
Indian-Cattle-&-Buffalo-Breeds-Dataset,khillari,113,.jpg,0
Indian-Cattle-&-Buffalo-Breeds-Dataset,krishna-valley,136,.jpg,0
Indian-Cattle-&-Buffalo-Breeds-Dataset,malnad-gidda,107,.jpg,0
Indian-Cattle-&-Buffalo-Breeds-Dataset,mehsana,95,.jpg,0
Indian-Cattle-&-Buffalo-Breeds-Dataset,murrah,173,.jpg,0
Indian-Cattle-&-Buffalo-Breeds-Dataset,nagori,89,.jpg,0
Indian-Cattle-&-Buffalo-Breeds-Dataset,nagpuri,187,.jpg,0
Indian-Cattle-&-Buffalo-Breeds-Dataset,nili-ravi,89,.jpg,0
Indian-Cattle-&-Buffalo-Breeds-Dataset,nimari,84,.jpg,0
Indian-Cattle-&-Buffalo-Breeds-Dataset,ongole,191,.jpg,0
Indian-Cattle-&-Buffalo-Breeds-Dataset,pulikulam,125,.jpg,0
Indian-Cattle-&-Buffalo-Breeds-Dataset,rathi,149,.jpg,0
Indian-Cattle-&-Buffalo-Breeds-Dataset,red-dane,167,.jpg,0
Indian-Cattle-&-Buffalo-Breeds-Dataset,red-sindhi,166,.jpg,0
Indian-Cattle-&-Buffalo-Breeds-Dataset,sahiwal,439,.jpg,0
Indian-Cattle-&-Buffalo-Breeds-Dataset,surti,64,.jpg,0
Indian-Cattle-&-Buffalo-Breeds-Dataset,tharparkar,217,.jpg,0
Indian-Cattle-&-Buffalo-Breeds-Dataset,toda,124,.jpg,0
Indian-Cattle-&-Buffalo-Breeds-Dataset,umblachery,76,.jpg,0
Indian-Cattle-&-Buffalo-Breeds-Dataset,vechur,140,.jpg,0
