cluster_key,breed,old_split,new_split,old_path,new_path,moved
sahiwal_93,sahiwal,test,train,D:\Projects\Federated_Learning\Master-Dataset\master_dataset\test\sahiwal\DS08__Sahiwal_188_jpg.rf.b145b8a748f16181b12f2d4d16398efb.jpg,D:\Projects\Federated_Learning\Master-Dataset\master_dataset\train\sahiwal\DS08__Sahiwal_188_jpg.rf.b145b8a748f16181b12f2d4d16398efb.jpg,True
sahiwal_159,sahiwal,train,val,D:\Projects\Federated_Learning\Master-Dataset\master_dataset\train\sahiwal\DS08__Sahiwal_25_jpg.rf.4167bd0874f1e54d05a5729aac6f9182.jpg,D:\Projects\Federated_Learning\Master-Dataset\master_dataset\val\sahiwal\DS08__Sahiwal_25_jpg.rf.4167bd0874f1e54d05a5729aac6f9182.jpg,True
sahiwal_205,sahiwal,val,train,D:\Projects\Federated_Learning\Master-Dataset\master_dataset\val\sahiwal\DS08__Sahiwal_297_jpg.rf.b94310a958c2dc2aac258332ba96c078.jpg,D:\Projects\Federated_Learning\Master-Dataset\master_dataset\train\sahiwal\DS08__Sahiwal_297_jpg.rf.b94310a958c2dc2aac258332ba96c078.jpg,True
sahiwal_231,sahiwal,train,test,D:\Projects\Federated_Learning\Master-Dataset\master_dataset\train\sahiwal\DS08__Sahiwal_325_jpg.rf.e01a23b01076204ea0aa172f49851f11.jpg,D:\Projects\Federated_Learning\Master-Dataset\master_dataset\test\sahiwal\DS08__Sahiwal_325_jpg.rf.e01a23b01076204ea0aa172f49851f11.jpg,True
sahiwal_234,sahiwal,train,val,D:\Projects\Federated_Learning\Master-Dataset\master_dataset\train\sahiwal\DS08__Sahiwal_328_jpg.rf.d69d54eab0a62817cbaca81e105cd2a2.jpg,D:\Projects\Federated_Learning\Master-Dataset\master_dataset\val\sahiwal\DS08__Sahiwal_328_jpg.rf.d69d54eab0a62817cbaca81e105cd2a2.jpg,True
sahiwal_234,sahiwal,train,val,D:\Projects\Federated_Learning\Master-Dataset\master_dataset\train\sahiwal\DS08__Sahiwal_355_jpg.rf.98a1e3a031b678c319a6cf2633d3944a__aug6_sahiwal_234.jpg,D:\Projects\Federated_Learning\Master-Dataset\master_dataset\val\sahiwal\DS08__Sahiwal_355_jpg.rf.98a1e3a031b678c319a6cf2633d3944a__aug6_sahiwal_234.jpg,True
sahiwal_263,sahiwal,train,val,D:\Projects\Federated_Learning\Master-Dataset\master_dataset\train\sahiwal\DS04__sahiwal_0296__aug2_sahiwal_263.png,D:\Projects\Federated_Learning\Master-Dataset\master_dataset\val\sahiwal\DS04__sahiwal_0296__aug2_sahiwal_263.png,True
sahiwal_263,sahiwal,train,val,D:\Projects\Federated_Learning\Master-Dataset\master_dataset\train\sahiwal\DS06__Sahiwal_357__aug3_sahiwal_263.png,D:\Projects\Federated_Learning\Master-Dataset\master_dataset\val\sahiwal\DS06__Sahiwal_357__aug3_sahiwal_263.png,True
sahiwal_290,sahiwal,train,test,D:\Projects\Federated_Learning\Master-Dataset\master_dataset\train\sahiwal\DS08__Sahiwal_381_png.rf.886afafd03d0129c66a27d4fd77ccb13.jpg,D:\Projects\Federated_Learning\Master-Dataset\master_dataset\test\sahiwal\DS08__Sahiwal_381_png.rf.886afafd03d0129c66a27d4fd77ccb13.jpg,True
sahiwal_296,sahiwal,test,train,D:\Projects\Federated_Learning\Master-Dataset\master_dataset\test\sahiwal\DS08__Sahiwal_387_jpg.rf.4d88e2efa4419031e2407cd4f840bb6f.jpg,D:\Projects\Federated_Learning\Master-Dataset\master_dataset\train\sahiwal\DS08__Sahiwal_387_jpg.rf.4d88e2efa4419031e2407cd4f840bb6f.jpg,True
sahiwal_301,sahiwal,test,train,D:\Projects\Federated_Learning\Master-Dataset\master_dataset\test\sahiwal\DS08__Sahiwal_391_jpg.rf.de7cb6e80b7eff8e31e35db1556c6b87.jpg,D:\Projects\Federated_Learning\Master-Dataset\master_dataset\train\sahiwal\DS08__Sahiwal_391_jpg.rf.de7cb6e80b7eff8e31e35db1556c6b87.jpg,True
sahiwal_315,sahiwal,train,test,D:\Projects\Federated_Learning\Master-Dataset\master_dataset\train\sahiwal\DS08__Sahiwal_403_jpg.rf.c2e88165651e0880146fafb28556abd4.jpg,D:\Projects\Federated_Learning\Master-Dataset\master_dataset\test\sahiwal\DS08__Sahiwal_403_jpg.rf.c2e88165651e0880146fafb28556abd4.jpg,True
sahiwal_451,sahiwal,test,train,D:\Projects\Federated_Learning\Master-Dataset\master_dataset\test\sahiwal\DS11__Sahiwal_049__aug1_sahiwal_451.jpg,D:\Projects\Federated_Learning\Master-Dataset\master_dataset\train\sahiwal\DS11__Sahiwal_049__aug1_sahiwal_451.jpg,True
sahiwal_772,sahiwal,val,train,D:\Projects\Federated_Learning\Master-Dataset\master_dataset\val\sahiwal\DS08__Sahiwal_19_jpg.rf.948038d530d00f56d2c3eb2a6f3c9ab5__aug2_sahiwal_772.jpg,D:\Projects\Federated_Learning\Master-Dataset\master_dataset\train\sahiwal\DS08__Sahiwal_19_jpg.rf.948038d530d00f56d2c3eb2a6f3c9ab5__aug2_sahiwal_772.jpg,True
sahiwal_776,sahiwal,train,test,D:\Projects\Federated_Learning\Master-Dataset\master_dataset\train\sahiwal\DS08__Sahiwal_253_jpg.rf.17407d5a0fd3778623b0748b479acd63__aug1_sahiwal_776.jpg,D:\Projects\Federated_Learning\Master-Dataset\master_dataset\test\sahiwal\DS08__Sahiwal_253_jpg.rf.17407d5a0fd3778623b0748b479acd63__aug1_sahiwal_776.jpg,True
sahiwal_779,sahiwal,train,val,D:\Projects\Federated_Learning\Master-Dataset\master_dataset\train\sahiwal\DS08__Sahiwal_290_jpg.rf.d3b246521b305c247dc91774f8412a5e__aug2_sahiwal_779.jpg,D:\Projects\Federated_Learning\Master-Dataset\master_dataset\val\sahiwal\DS08__Sahiwal_290_jpg.rf.d3b246521b305c247dc91774f8412a5e__aug2_sahiwal_779.jpg,True
sahiwal_780,sahiwal,train,test,D:\Projects\Federated_Learning\Master-Dataset\master_dataset\train\sahiwal\DS08__Sahiwal_293_jpg.rf.f9ecfa8ab064e6fa2354a1d7023e6d9e__aug1_sahiwal_780.jpg,D:\Projects\Federated_Learning\Master-Dataset\master_dataset\test\sahiwal\DS08__Sahiwal_293_jpg.rf.f9ecfa8ab064e6fa2354a1d7023e6d9e__aug1_sahiwal_780.jpg,True
sahiwal_789,sahiwal,test,train,D:\Projects\Federated_Learning\Master-Dataset\master_dataset\test\sahiwal\DS08__Sahiwal_69_jpg.rf.84e3a9903a9000cd813616ab4f5e0e46__aug1_sahiwal_789.jpg,D:\Projects\Federated_Learning\Master-Dataset\master_dataset\train\sahiwal\DS08__Sahiwal_69_jpg.rf.84e3a9903a9000cd813616ab4f5e0e46__aug1_sahiwal_789.jpg,True
sahiwal_817,sahiwal,val,train,D:\Projects\Federated_Learning\Master-Dataset\master_dataset\val\sahiwal\DS05__360_F_1366236815_HpAkMrjFZvIZjewc4o1QBVoWTE4l04Jf_rot30_b0_8_jpg.rf.799b2a805a0e96c321ff92415a3954d4.jpg,D:\Projects\Federated_Learning\Master-Dataset\master_dataset\train\sahiwal\DS05__360_F_1366236815_HpAkMrjFZvIZjewc4o1QBVoWTE4l04Jf_rot30_b0_8_jpg.rf.799b2a805a0e96c321ff92415a3954d4.jpg,True
nagori_181,nagori,val,train,D:\Projects\Federated_Learning\Master-Dataset\master_dataset\val\nagori\DS03__00000057__aug1_nagori_181.jpg,D:\Projects\Federated_Learning\Master-Dataset\master_dataset\train\nagori\DS03__00000057__aug1_nagori_181.jpg,True
nagori_201,nagori,val,train,D:\Projects\Federated_Learning\Master-Dataset\master_dataset\val\nagori\DS11__Nagori_036.jpg,D:\Projects\Federated_Learning\Master-Dataset\master_dataset\train\nagori\DS11__Nagori_036.jpg,True
nagori_280,nagori,val,train,D:\Projects\Federated_Learning\Master-Dataset\master_dataset\val\nagori\DS04__nagori_0037.webp,D:\Projects\Federated_Learning\Master-Dataset\master_dataset\train\nagori\DS04__nagori_0037.webp,True
nili-ravi_247,nili-ravi,test,train,D:\Projects\Federated_Learning\Master-Dataset\master_dataset\test\nili-ravi\DS04__nili_ravi_0023.jpg,D:\Projects\Federated_Learning\Master-Dataset\master_dataset\train\nili-ravi\DS04__nili_ravi_0023.jpg,True
tharparkar_41,tharparkar,val,test,D:\Projects\Federated_Learning\Master-Dataset\master_dataset\val\tharparkar\DS02__Tharparkar_137.jpg,D:\Projects\Federated_Learning\Master-Dataset\master_dataset\test\tharparkar\DS02__Tharparkar_137.jpg,True
tharparkar_46,tharparkar,train,val,D:\Projects\Federated_Learning\Master-Dataset\master_dataset\train\tharparkar\DS10__Tharparkar_141__aug2_tharparkar_46.png,D:\Projects\Federated_Learning\Master-Dataset\master_dataset\val\tharparkar\DS10__Tharparkar_141__aug2_tharparkar_46.png,True
tharparkar_49,tharparkar,test,train,D:\Projects\Federated_Learning\Master-Dataset\master_dataset\test\tharparkar\DS10__Tharparkar_144__aug3_tharparkar_49.jpg,D:\Projects\Federated_Learning\Master-Dataset\master_dataset\train\tharparkar\DS10__Tharparkar_144__aug3_tharparkar_49.jpg,True
tharparkar_89,tharparkar,train,val,D:\Projects\Federated_Learning\Master-Dataset\master_dataset\train\tharparkar\DS02__Tharparkar_182.jpg,D:\Projects\Federated_Learning\Master-Dataset\master_dataset\val\tharparkar\DS02__Tharparkar_182.jpg,True
tharparkar_117,tharparkar,train,val,D:\Projects\Federated_Learning\Master-Dataset\master_dataset\train\tharparkar\DS04__tharparkar_0134__aug1_tharparkar_117.jpg,D:\Projects\Federated_Learning\Master-Dataset\master_dataset\val\tharparkar\DS04__tharparkar_0134__aug1_tharparkar_117.jpg,True
tharparkar_150,tharparkar,val,train,D:\Projects\Federated_Learning\Master-Dataset\master_dataset\val\tharparkar\DS10__Tharparkar_41__aug4_tharparkar_150.jpg,D:\Projects\Federated_Learning\Master-Dataset\master_dataset\train\tharparkar\DS10__Tharparkar_41__aug4_tharparkar_150.jpg,True
tharparkar_150,tharparkar,val,train,D:\Projects\Federated_Learning\Master-Dataset\master_dataset\val\tharparkar\DS10__Tharparkar_42__aug5_tharparkar_150.jpg,D:\Projects\Federated_Learning\Master-Dataset\master_dataset\train\tharparkar\DS10__Tharparkar_42__aug5_tharparkar_150.jpg,True
tharparkar_161,tharparkar,test,train,D:\Projects\Federated_Learning\Master-Dataset\master_dataset\test\tharparkar\DS05__download-1-_jpeg.rf.c2489c188c5917f828398f0238c73697.jpg,D:\Projects\Federated_Learning\Master-Dataset\master_dataset\train\tharparkar\DS05__download-1-_jpeg.rf.c2489c188c5917f828398f0238c73697.jpg,True
tharparkar_161,tharparkar,test,train,D:\Projects\Federated_Learning\Master-Dataset\master_dataset\test\tharparkar\DS05__download-1-_rot0_b0_8_jpeg.rf.c8d4d8cc2789199de566d048e0a6b69d__aug3_tharparkar_161.jpg,D:\Projects\Federated_Learning\Master-Dataset\master_dataset\train\tharparkar\DS05__download-1-_rot0_b0_8_jpeg.rf.c8d4d8cc2789199de566d048e0a6b69d__aug3_tharparkar_161.jpg,True
tharparkar_161,tharparkar,test,train,D:\Projects\Federated_Learning\Master-Dataset\master_dataset\test\tharparkar\DS05__download-1-_rot0_b1_0_jpeg.rf.9db14bb029110582a1c21a3f9b6f6b3c__aug4_tharparkar_161.jpg,D:\Projects\Federated_Learning\Master-Dataset\master_dataset\train\tharparkar\DS05__download-1-_rot0_b1_0_jpeg.rf.9db14bb029110582a1c21a3f9b6f6b3c__aug4_tharparkar_161.jpg,True
tharparkar_183,tharparkar,train,test,D:\Projects\Federated_Learning\Master-Dataset\master_dataset\train\tharparkar\DS06__Tharparkar_74__aug2_tharparkar_183.png,D:\Projects\Federated_Learning\Master-Dataset\master_dataset\test\tharparkar\DS06__Tharparkar_74__aug2_tharparkar_183.png,True
tharparkar_218,tharparkar,val,train,D:\Projects\Federated_Learning\Master-Dataset\master_dataset\val\tharparkar\DS03__Tharparkar_106.jpg,D:\Projects\Federated_Learning\Master-Dataset\master_dataset\train\tharparkar\DS03__Tharparkar_106.jpg,True
tharparkar_218,tharparkar,val,train,D:\Projects\Federated_Learning\Master-Dataset\master_dataset\val\tharparkar\DS06__Tharparkar_106__aug2_tharparkar_218.jpg,D:\Projects\Federated_Learning\Master-Dataset\master_dataset\train\tharparkar\DS06__Tharparkar_106__aug2_tharparkar_218.jpg,True
tharparkar_218,tharparkar,val,train,D:\Projects\Federated_Learning\Master-Dataset\master_dataset\val\tharparkar\DS10__Tharparkar_106__aug3_tharparkar_218.jpg,D:\Projects\Federated_Learning\Master-Dataset\master_dataset\train\tharparkar\DS10__Tharparkar_106__aug3_tharparkar_218.jpg,True
tharparkar_229,tharparkar,val,train,D:\Projects\Federated_Learning\Master-Dataset\master_dataset\val\tharparkar\DS11__Tharparkar_021__aug1_tharparkar_229.jpg,D:\Projects\Federated_Learning\Master-Dataset\master_dataset\train\tharparkar\DS11__Tharparkar_021__aug1_tharparkar_229.jpg,True
tharparkar_250,tharparkar,test,train,D:\Projects\Federated_Learning\Master-Dataset\master_dataset\test\tharparkar\DS11__Tharparkar_044__aug1_tharparkar_250.jpg,D:\Projects\Federated_Learning\Master-Dataset\master_dataset\train\tharparkar\DS11__Tharparkar_044__aug1_tharparkar_250.jpg,True
tharparkar_292,tharparkar,test,train,D:\Projects\Federated_Learning\Master-Dataset\master_dataset\test\tharparkar\DS03__Tharparkar_179.png,D:\Projects\Federated_Learning\Master-Dataset\master_dataset\train\tharparkar\DS03__Tharparkar_179.png,True
tharparkar_314,tharparkar,test,train,D:\Projects\Federated_Learning\Master-Dataset\master_dataset\test\tharparkar\DS03__Tharparkar_203.jpeg,D:\Projects\Federated_Learning\Master-Dataset\master_dataset\train\tharparkar\DS03__Tharparkar_203.jpeg,True
tharparkar_341,tharparkar,val,train,D:\Projects\Federated_Learning\Master-Dataset\master_dataset\val\tharparkar\DS11__Tharparkar_149__aug1_tharparkar_341.jpg,D:\Projects\Federated_Learning\Master-Dataset\master_dataset\train\tharparkar\DS11__Tharparkar_149__aug1_tharparkar_341.jpg,True
tharparkar_347,tharparkar,val,train,D:\Projects\Federated_Learning\Master-Dataset\master_dataset\val\tharparkar\DS03__Tharparkar_45.jpg,D:\Projects\Federated_Learning\Master-Dataset\master_dataset\train\tharparkar\DS03__Tharparkar_45.jpg,True
tharparkar_402,tharparkar,val,train,D:\Projects\Federated_Learning\Master-Dataset\master_dataset\val\tharparkar\DS06__Tharparkar_172__aug1_tharparkar_402.png,D:\Projects\Federated_Learning\Master-Dataset\master_dataset\train\tharparkar\DS06__Tharparkar_172__aug1_tharparkar_402.png,True
tharparkar_461,tharparkar,test,train,D:\Projects\Federated_Learning\Master-Dataset\master_dataset\test\tharparkar\DS05__images_rot15_b1_0_jpeg.rf.001261c84987202bf2051abc479c5e5d__aug1_tharparkar_461.jpg,D:\Projects\Federated_Learning\Master-Dataset\master_dataset\train\tharparkar\DS05__images_rot15_b1_0_jpeg.rf.001261c84987202bf2051abc479c5e5d__aug1_tharparkar_461.jpg,True
tharparkar_493,tharparkar,val,train,D:\Projects\Federated_Learning\Master-Dataset\master_dataset\val\tharparkar\DS05__tharparker-1_rot15_b0_8_jpg.rf.aece9d2d1dba4db492095e3ed0a2f8a0.jpg,D:\Projects\Federated_Learning\Master-Dataset\master_dataset\train\tharparkar\DS05__tharparker-1_rot15_b0_8_jpg.rf.aece9d2d1dba4db492095e3ed0a2f8a0.jpg,True
umblachery_159,umblachery,val,train,D:\Projects\Federated_Learning\Master-Dataset\master_dataset\val\umblachery\DS02__Umblachery_38.png,D:\Projects\Federated_Learning\Master-Dataset\master_dataset\train\umblachery\DS02__Umblachery_38.png,True
umblachery_206,umblachery,val,train,D:\Projects\Federated_Learning\Master-Dataset\master_dataset\val\umblachery\DS03__Umblachery_11.jpg,D:\Projects\Federated_Learning\Master-Dataset\master_dataset\train\umblachery\DS03__Umblachery_11.jpg,True
umblachery_222,umblachery,test,train,D:\Projects\Federated_Learning\Master-Dataset\master_dataset\test\umblachery\DS11__Umblachery_020__aug1_umblachery_222.jpg,D:\Projects\Federated_Learning\Master-Dataset\master_dataset\train\umblachery\DS11__Umblachery_020__aug1_umblachery_222.jpg,True
umblachery_228,umblachery,test,train,D:\Projects\Federated_Learning\Master-Dataset\master_dataset\test\umblachery\DS03__Umblachery_34.jpg,D:\Projects\Federated_Learning\Master-Dataset\master_dataset\train\umblachery\DS03__Umblachery_34.jpg,True
umblachery_262,umblachery,val,train,D:\Projects\Federated_Learning\Master-Dataset\master_dataset\val\umblachery\DS11__Umblachery_064__aug1_umblachery_262.jpg,D:\Projects\Federated_Learning\Master-Dataset\master_dataset\train\umblachery\DS11__Umblachery_064__aug1_umblachery_262.jpg,True
red-sindhi_179,red-sindhi,val,train,D:\Projects\Federated_Learning\Master-Dataset\master_dataset\val\red-sindhi\DS03__Red_Sindhi_122.png,D:\Projects\Federated_Learning\Master-Dataset\master_dataset\train\red-sindhi\DS03__Red_Sindhi_122.png,True
red-sindhi_255,red-sindhi,val,train,D:\Projects\Federated_Learning\Master-Dataset\master_dataset\val\red-sindhi\DS11__Red_Sindhi_113__aug1_red-sindhi_255.jpg,D:\Projects\Federated_Learning\Master-Dataset\master_dataset\train\red-sindhi\DS11__Red_Sindhi_113__aug1_red-sindhi_255.jpg,True
vechur_164,vechur,val,train,D:\Projects\Federated_Learning\Master-Dataset\master_dataset\val\vechur\DS03__00000090.jpg,D:\Projects\Federated_Learning\Master-Dataset\master_dataset\train\vechur\DS03__00000090.jpg,True
vechur_248,vechur,test,train,D:\Projects\Federated_Learning\Master-Dataset\master_dataset\test\vechur\DS03__Screenshot (287).png,D:\Projects\Federated_Learning\Master-Dataset\master_dataset\train\vechur\DS03__Screenshot (287).png,True
